True Values,Baseline Predictions
0.061,1.1405083
8.26,20.021612
7.4,6.3059974
6.96,3.4939375
15.36,8.024936
3.96,3.3455029
3.2,2.6329296
35.7,26.418423
29.0,34.316303
